photo_id,photo_url,photo_location_country,photo_location_latitude,photo_location_longitude,stats_downloads,ai_description,photo_description
tNDvFkxkBHo,https://unsplash.com/photos/tNDvFkxkBHo,Australia,,,228249,view of seashore sunset,Sunset over an Australian Beach
QTIugFX1Gug,https://unsplash.com/photos/QTIugFX1Gug,Brazil,-23.01348833,-43.32373,51768,two people surfing on water,Surfers
lpjb_UMOyx8,https://unsplash.com/photos/lpjb_UMOyx8,Canada,51.4253851,-116.1773193,324889,photo of two mountains,Lake Louise landscape
wpTWYBll4_w,https://unsplash.com/photos/wpTWYBll4_w,China,39.904211,116.407395,101617,yellow jelly fish,
urUdKCxsTUI,https://unsplash.com/photos/urUdKCxsTUI,France,48.856614,2.35222190000002,171664,shallow focus photography of white flowers,Spring flower blossoms on branch
EPy0gBJzzZU,https://unsplash.com/photos/EPy0gBJzzZU,Germany,,,359925,green tree on grassland during daytime,Tree in green wheat field
c9MFM8rSMsQ,https://unsplash.com/photos/c9MFM8rSMsQ,Iceland,63.61628,-20.01355667,120209,,Itâ€™s often hard to see the beauty thatâ€™s right under your feet â€” or car. Flew a drone to capture this gorgeous river that almost looks like a painting.
83zRhEhFMfo,https://unsplash.com/photos/83zRhEhFMfo,India,17.7969492,83.3816099000001,151385,wayfarer sunglasses on beach sand during daytime,At the beach
a8lTjWJJgLA,https://unsplash.com/photos/a8lTjWJJgLA,Indonesia,-8.409517799999998,115.188916,106599,eagle-eye view photography of brown pathway,A Morning in Bali
ln5drpv_ImI,https://unsplash.com/photos/ln5drpv_ImI,Italy,,,410213,silhouette photo of mountain during night time,Sublime purple night sky
fY1ECB1RCd0,https://unsplash.com/photos/fY1ECB1RCd0,Japan,35.0489225,135.7628333,270865,shallow focus photography of white-and-pink petaled flowers,
eOpewngf68w,https://unsplash.com/photos/eOpewngf68w,New Zealand,-35.6843923,174.3357673,387671,blue and brown steel bridge,Whangarei Falls footbridge
NodtnCsLdTE,https://unsplash.com/photos/NodtnCsLdTE,Russia,52.723598,41.4423062,193839,brown Scottish fold in brown thick-pile blanket,"Crouching Tiger, Hidden Dragon. Photo of a kitten named William hiding under a plaid"
mawU2PoJWfU,https://unsplash.com/photos/mawU2PoJWfU,Switzerland,46.7267426,7.967472899999958,259834,bird's eye view photography of trees and body of water,Blue lake and green shore
8mqOw4DBBSg,https://unsplash.com/photos/8mqOw4DBBSg,United Kingdom,51.311977,-0.47690399999999,459271,top view of green succulent plants,From a sunny afternoon spent wandering around the Glasshouse at RHS Wisley. I loved the texture and colours of these ðŸŒ¿
oMpAz-DN-9I,https://unsplash.com/photos/oMpAz-DN-9I,United States,41.437698,-112.66885900000001,1590203,silhouette photography of person,
